metric,mean,std
train_mrr@10,0.984127,0.022448
train_recall@5,1.0,0.0
train_ndcg@10,0.873101,0.037349
val_mrr@10,0.643585,0.06618
val_recall@5,0.809524,0.121405
val_ndcg@10,0.522811,0.047455
test_mrr@10,0.686035,0.053085
test_recall@5,0.833333,0.089087
test_ndcg@10,0.56044,0.067057
