fold,best_epoch,train_mrr@10,train_recall@5,train_ndcg@10,val_mrr@10,val_recall@5,val_ndcg@10,test_mrr@10,test_recall@5,test_ndcg@10
0,6,1.0,1.0,0.873358,0.642857,0.857143,0.537004,0.693452,0.857143,0.516397
1,11,0.952381,1.0,0.82723,0.725,0.928571,0.57252,0.61763,0.714286,0.509728
2,13,1.0,1.0,0.918714,0.562897,0.642857,0.458908,0.747024,0.928571,0.655195
