epoch,total_loss,bce_loss,triplet_loss,val_mrr@10
1,1.881595,1.722774,0.158822,0.666667
2,1.574006,1.492677,0.08133,0.75
3,1.516868,1.4437,0.073167,1.0
4,1.48038,1.422168,0.058212,1.0
5,1.442955,1.397268,0.045687,1.0
6,1.404849,1.366708,0.038141,1.0
7,1.395439,1.361183,0.034256,1.0
