metric,value
mrr@10,0.566667
recall@5,0.875
ndcg@10,0.390187
