fold,best_epoch,train_mrr@10,train_recall@5,train_ndcg@10,val_mrr@10,val_recall@5,val_ndcg@10,test_mrr@10,test_recall@5,test_ndcg@10
0,1,0.803571,1.0,0.63713,0.450794,0.785714,0.435402,0.660204,0.857143,0.485263
1,1,0.827381,1.0,0.675904,0.405159,0.785714,0.391821,0.434722,0.642857,0.343264
2,1,0.845238,0.928571,0.748284,0.479932,0.714286,0.350008,0.761905,1.0,0.644359
