metric,mean,std
train_mrr@10,0.825397,0.017068
train_recall@5,0.97619,0.033672
train_ndcg@10,0.687106,0.046065
val_mrr@10,0.445295,0.030773
val_recall@5,0.761905,0.033671
val_ndcg@10,0.39241,0.034864
test_mrr@10,0.618944,0.136721
test_recall@5,0.833333,0.146772
test_ndcg@10,0.490962,0.122988
