epoch,total_loss,bce_loss,triplet_loss,val_mrr@10
1,2.069754,1.782001,0.287753,0.666667
2,1.574869,1.498576,0.076293,1.0
3,1.467847,1.416265,0.051583,1.0
4,1.437271,1.390432,0.046839,1.0
5,1.436162,1.386627,0.049535,1.0
6,1.38134,1.350131,0.031209,1.0
