epoch,total_loss,bce_loss,triplet_loss,val_mrr@10
1,1.824666,1.616845,0.207821,0.433333
2,1.512793,1.478744,0.034049,0.589286
3,1.423046,1.40509,0.017956,0.567857
4,1.351659,1.341871,0.009788,0.561905
5,1.310036,1.306775,0.003261,0.615476
6,1.258032,1.258032,0.0,0.639286
7,1.221621,1.221621,0.0,0.625
8,1.184593,1.184593,0.0,0.583333
9,1.167192,1.167065,0.000128,0.595238
10,1.15259,1.15259,0.0,0.529762
11,1.142519,1.142519,0.0,0.535714
