metric,mean,std
train_mrr@10,0.782341,0.042537
train_recall@5,0.952381,0.033672
train_ndcg@10,0.64805,0.012691
val_mrr@10,0.548894,0.159996
val_recall@5,0.833333,0.089087
val_ndcg@10,0.483939,0.097746
test_mrr@10,0.647818,0.05041
test_recall@5,0.857143,0.101015
test_ndcg@10,0.511121,0.081866
