fold,best_epoch,train_mrr@10,train_recall@5,train_ndcg@10,val_mrr@10,val_recall@5,val_ndcg@10,test_mrr@10,test_recall@5,test_ndcg@10
0,1,0.805952,1.0,0.641958,0.45119,0.857143,0.416546,0.636905,0.928571,0.461108
1,1,0.818452,0.928571,0.636476,0.77449,0.928571,0.622159,0.592262,0.714286,0.4457
2,1,0.722619,0.928571,0.665716,0.421003,0.714286,0.413113,0.714286,0.928571,0.626554
