epoch,total_loss,bce_loss,triplet_loss,val_mrr@10
1,1.824946,1.612719,0.212227,1.0
2,1.538962,1.471024,0.067938,0.75
3,1.466232,1.411383,0.054849,0.5
4,1.394035,1.372183,0.021851,0.75
5,1.36876,1.342703,0.026057,0.75
