metric,mean,std
train_mrr@10,0.787528,0.042408
train_recall@5,0.928571,0.058321
train_ndcg@10,0.627397,0.005684
val_mrr@10,0.53356,0.131451
val_recall@5,0.761905,0.121405
val_ndcg@10,0.405534,0.104155
test_mrr@10,0.414664,0.028422
test_recall@5,0.809524,0.089087
test_ndcg@10,0.390678,0.006478
