fold,best_epoch,train_mrr@10,train_recall@5,train_ndcg@10,val_mrr@10,val_recall@5,val_ndcg@10,test_mrr@10,test_recall@5,test_ndcg@10
0,1,0.767857,1.0,0.620148,0.561791,0.714286,0.422274,0.441327,0.714286,0.393413
1,1,0.846429,0.928571,0.63403,0.678571,0.928571,0.523901,0.427381,0.928571,0.396882
2,1,0.748299,0.857143,0.628012,0.360317,0.642857,0.270428,0.375283,0.785714,0.381738
